create database LocadoraVeiculos;
use LocadoraVeiculos;

create table Cliente (
	idCliente int not null,
	CPF varchar(20) not null,
    nome varchar(50) not null,
    telefone varchar(20) not null,
    email varchar(50) not null,
    endereco varchar (100) not null,
    primary key (idCliente)
    );
    
create table Pagamento (
	idPagamento int not null,
    forma enum ('Cartão', 'Pix', 'Dinheiro') not null,
    dataPagamento date not null,
    valorTotal decimal (7,2) not null,
    estado enum ('Pago', 'Pendente') not null,
    primary key (idPagamento)
    );

create table Veiculo (
	idVeiculo int not null,
    modelo varchar (50) not null,
    marca varchar (50) not null,
    ano int not null,
    placa varchar (10) not null,
    valorDiaria decimal (7,2) not null,
    estado enum ('Disponível', 'Alugado', 'Manutenção') not null,
    primary key (idVeiculo)
    );

create table Locacao (
	idLocacao int not null,
    idCliente int not null,
    idPagamento int not null,
    dataInicio date not null,
    dataFim date not null,
    primary key (idLocacao),
    foreign key (idCliente) references Cliente (idCliente),
    foreign key (idPagamento) references Pagamento (idPagamento)
);

create table Manutencao (
	idManutencao int not null,
    idVeiculo int not null,
    descricao varchar (100) not null,
    dataManutencao date not null,
    custo decimal (7,2) not null,
    primary key (idManutencao),
    foreign key (idVeiculo) references Veiculo (idVeiculo)
);

create table LocacaoVeiculo (
	idLocacao int not null,
    idVeiculo int not null,
    primary key (idLocacao, idVeiculo),
    foreign key (idLocacao) references Locacao (idLocacao),
    foreign key (idVeiculo) references Veiculo (idVeiculo)
);

insert into Cliente (idCliente, CPF, nome, telefone, email, endereco) values
     (1, '045.159.785-10', 'João da Silva', '(41) 99854-5648', 'joao.s@email.com.br', 'Rua das Flores, 3578, Curitiba - PR'),
     (2, '147.963.789-02', 'Maria de Souza', '(21) 99763-1213', 'maria.s@email.com.br', 'Rua Vicente Machado, 10503, apto. 1007, Rio de Janeiro - RJ'),
     (3, '357.456.309-07', 'Carlos Mendes', '(85) 98754-2050', 'carlos.m@email.com.br', 'Rua Osvaldo Cruz, 578, Fortaleza - CE'),
     (4, '569.428.308.12', 'Ana Oliveira', '(11) 99527-3721', 'ana.o@email.com.br', 'Avenida Ipiranga, 1246, apto. 201, São Paulo - SP'),
     (5, '096.429.761-05', 'Pedro dos Santos', '(92) 98418-3141', 'pedro.s@email.com.br', 'Rua Venezuela, 649, Manaus - AM'),
     (6, '548.302.980-13', 'Fernanda Lima', '(51) 99234-5458', 'fernanda.l@email.com.br', 'Avenida Uruguai, 3152, apto. 2202, Porto Alegre - RS'),
     (7, '947.652.415-09', 'Ricardo Alves', '(65) 98953-7828', 'ricardo.a@email.com.br', 'Rua dos Açudes, 1029, Cuiabá - MT'),
     (8, '012.359.678-15', 'Juliana Costa', '(63) 99315-6264', 'juliana.c@email.com.br', 'Avenida Brasil, 953, apto. 709, Palmas - TO'),
     (9, '254.635.485-05', 'Lucas Martins', '(71) 99264-3585', 'lucas.m@email.com.br', 'Rua dos Baianos, 12549, Salvador - BA'),
     (10, '785.126.497-72', 'Beatriz Rocha', '(69) 98767-1545', 'beatriz.r@email.com.br', 'Rua Indenpendente, 209, Porto Velho - RO');

insert into Pagamento (idPagamento, forma, dataPagamento, valorTotal, estado) values
     (1, 'Cartão', '2024-12-01', 360.00, 'Pago'),
     (2, 'Cartão', '2024-12-01', 140.00, 'Pago'),
     (3, 'Pix', '2024-12-05', 480.00, 'Pago'),
     (4, 'Cartão', '2024-12-10', 1100.00, 'Pago'),
     (5, 'Dinheiro', '2024-12-11', 1350.00, 'Pago'),
     (6, 'Cartão', '2024-12-15', 2210.00, 'Pago'),
     (7, 'Pix', '2024-12-20', 1080.00, 'Pago'),
     (8, 'Pix', '2024-12-23', 2200.00, 'Pago'),
     (9, 'Cartão', '2024-12-26', 500.00, 'Pago'),
     (10, 'Pix', '2024-12-28', 840.00, 'Pago'),
     (11, 'Pix', '2025-01-02', 520.00, 'Pago'),
     (12, 'Dinheiro', '2025-01-05', 900.00, 'Pago'),
     (13, 'Cartão', '2025-01-05', 260.00, 'Pago'),
     (14, 'Cartão', '2025-01-09', 1120.00, 'Pago'),
     (15, 'Pix', '2025-01-12', 600.00, 'Pago'),
     (16, 'Cartão', '2025-01-13', 1680.00, 'Pendente'),
     (17, 'Pix', '2025-01-16', 1040.00, 'Pago'),
     (18, 'Pix', '2025-01-18', 540.00, 'Pendente'),
     (19, 'Cartão', '2025-01-19', 280.00, 'Pendente'),
     (20, 'Pix', '2025-01-21', 880.00, 'Pendente');
     
insert into Veiculo (idVeiculo, modelo, marca, ano, placa, valorDiaria, estado) values
     (1, 'Onix', 'Chevrolet', 2021, 'ABC-1D34', 150.00, 'Disponível'),
     (2, 'HB20', 'Hyundai', 2022, 'XYZ-5E78', 180.00, 'Alugado'),
     (3, 'Gol', 'Volkswagen', 2020, 'DEF-9W12', 140.00, 'Alugado'),
     (4, 'Civic', 'Honda', 2023, 'GHI-3F56', 250.00, 'Disponível'),
     (5, 'Corolla', 'Toyota', 2022, 'JKL-7I90', 240.00, 'Alugado'),
     (6, 'Fiesta', 'Ford', 2019, 'MNO-2P45', 130.00, 'Manutenção'),
     (7, 'Cruze', 'Chevrolet', 2021, 'PQR-6A89', 200.00, 'Disponível'),
     (8, 'Duster', 'Renault', 2022, 'STU-1Z34', 220.00, 'Alugado'),
     (9, 'Toro', 'Fiat', 2023, 'VWX-5Q78', 260.00, 'Manutenção'),
     (10, 'Compass', 'Jeep', 2024, 'YZA-9S12', 280.00, 'Disponível');
     
insert into Locacao (idLocacao, idCliente, idPagamento, dataInicio, dataFim) values
     (1, 1, 1, '2024-12-01', '2024-12-03'),
     (2, 2, 2, '2024-12-01', '2024-12-02'),
     (3, 3, 3, '2024-12-05', '2024-12-07'),
     (4, 1, 4, '2024-12-10', '2024-12-15'),
     (5, 4, 5, '2024-12-11', '2024-12-20'),
     (6, 2, 6, '2024-12-15', '2025-01-01'),
     (7, 5, 7, '2024-12-20', '2024-12-26'),
     (8, 6, 8, '2024-12-23', '2025-01-02'),
     (9, 1, 9, '2024-12-26', '2024-12-28'),
     (10, 3, 10, '2024-12-28', '2025-01-03'),
     (11, 7, 11, '2025-01-02', '2025-01-04'),
     (12, 4, 12, '2025-01-05', '2025-01-10'),
     (13, 6, 13, '2025-01-05', '2025-01-07'),
     (14, 8, 14, '2025-01-09', '2025-01-13'),
     (15, 7, 15, '2025-01-12', '2025-01-15'),
     (16, 9, 16, '2025-01-13', '2025-01-20'),
     (17, 10, 17, '2025-01-16', '2025-01-20'),
     (18, 9, 18, '2025-01-18', '2025-01-21'),
     (19, 5, 19, '2025-01-19', '2025-01-20'),
     (20, 1, 20, '2025-01-21', '2025-01-25');
     
insert into Manutencao (idManutencao, idVeiculo, descricao, dataManutencao, custo) values
     (1, 1, 'Troca de óleo e revisão geral', '2024-12-09', 200.00),
     (2, 1, 'Substituição de pneu', '2024-12-10', 600.00),
     (3, 3, 'Troca de pastilhas de freio', '2024-12-14', 450.00),
     (4, 5, 'Alinhamento e balanceamento', '2024-12-18', 150.00),
     (5, 5, 'Revisão elétrica completa', '2024-12-28', 500.00),
     (6, 8, 'Reparo na suspensão', '2025-01-05', 700.00),
     (7, 10, 'Troca do sistema de escapamento', '2025-01-07', 750.00),
     (8, 6, 'Troca de bateria', '2025-01-17', 400.00),
     (9, 6, 'Substituição do filtro de ar', '2025-01-17', 120.00),
     (10, 9, 'Pintura e retoques na lataria', '2025-01-28', 900.00);
     
insert into LocacaoVeiculo (idLocacao, idVeiculo) values
     (1, 2),
     (2, 3),
     (3, 5),
     (4, 8),
     (5, 1),
     (6, 6),
     (7, 2),
     (8, 8),
     (9, 4),
     (10, 3),
     (11, 9),
     (12, 2),
     (13, 6),
     (14, 10),
     (15, 7),
     (16, 5),
     (17, 9),
     (18, 2),
     (19, 10),
     (20, 8);

select descricao, dataManutencao, custo from Manutencao;

select sum(valorTotal) as ValorTotalArrecadado from Pagamento where estado = 'Pago';

select V.modelo, V.marca, count(LV.idVeiculo) as NumerodeAlugueis
from Veiculo as V join LocacaoVeiculo as LV on V.idVeiculo = LV.idVeiculo
group by V.modelo, V.marca
order by NumerodeAlugueis desc;

select C.nome, sum(p.valorTotal) as ValorDevido
from Cliente as C        
join Locacao as L on C.idCliente = L.idCliente   
join Pagamento as P on L.idPagamento = P.idPagamento 
where P.estado = 'Pendente'                      
group by C.nome                                     
order by C.nome asc;                                 